PASTE YOUR CHAPTER LIST TEXT HERE (exactly as you copied it)

BNI Coimbatore	Link
 	 
BNI Azpire	https://bni-coimbatorerural.in/coimbatore-rural-bni-azpire/en-IN/memberlist?chapterName=28779&regionIds=27585$isChapterwebsite
BNI Capital	https://bni-coimbatorerural.in/bni-greater-coimbatore-capital/en-IN/memberlist?chapterName=42139&regionIds=27585$isChapterwebsite
BNI Admirals	https://bni-coimbatore.in/coimbatore-admirals/en-IN/memberlist?chapterName=11775&regionIds=11676$isChapterwebsite
BNI Benchmark	https://bni-coimbatore.in/coimbatore-benchmark/en-IN/memberlist#:~:text=Chapter%20Members%20%7C%20English%20(IN),Abhishek%20D.
BNI Capital	https://bni-coimbatorerural.in/bni-greater-coimbatore-capital/en-IN/memberlist?chapterName=42139&regionIds=27585$isChapterwebsite
BNI Elite	https://bni-coimbatore.in/coimbatore-elite/en-IN/memberlist#:~:text=Chapter%20Members%20%7C%20English%20(IN)
BNI Industrials II	https://bni-coimbatore.in/coimbatore-industrials-ii/en-IN/memberlist?chapterName=30905&regionIds=11676$isChapterwebsite
BNI Oscar	https://bni-coimbatore.in/coimbatore-oscar/en-IN/memberlist#:~:text=BNI:%20Largest%20Referral%20Organization.%20BNI%20Website%20Chapter%20Members%20page%20for%20Oscar%20in%20English%20(IN)
BNI Phoenix	https://bni-coimbatorerural.in/coimbatore-rural-phoenix/en-IN/memberlist#:~:text=Chapter%20Members%20%7C%20English%20(IN),9842475732
BNI Qcircle	https://bni-coimbatore.in/coimbatore-q-circle/en-IN/memberlist?chapterName=31977&regionIds=11676$isChapterwebsite
BNI Rhythm	https://bni-coimbatore.in/coimbatore-rhythm/en-IN/memberlist?chapterName=31978&regionIds=11676$isChapterwebsite
BNI Tycoons	https://bni-coimbatore.in/coimbatore-tycoons/en-IN/memberlist
BNI Vibrant	https://bni-coimbatorerural.in/bni-greater-coimbatore-vibrant/en-IN/index#:~:text=Our%20Chapter%20Passed%20168%2C814%2C122%20INR,and%20lock%20out%20your%20competition!
BNI Fabulous	https://bni-coimbatore.in/coimbatore-fabulous/en-IN/index#:~:text=Meeting%20Details,641018
BNI Hallmark	https://bni-coimbatore.in/coimbatore-hallmark/en-IN/index#:~:text=Meeting%20Details,Friday%208:00%20AM
BNI Jaguar	https://bni-coimbatore.in/coimbatore-jaguar/en-IN/memberlist#:~:text=Every%20entrepreneur%20knows%20that%20growing,:%20%E2%80%9CWho%20do%20%5B%E2%80%A6%5D
BNI Landmark	https://bni-coimbatore.in/coimbatore-landmark/en-IN/memberlist?chapterName=25558&regionIds=11676$isChapterwebsite
BNI Stalwarts	https://bni-coimbatore.in/coimbatore-stalwarts/en-IN/memberlist?chapterName=33731&regionIds=11676$isChapterwebsite
 	 
BNI Chennai	Link
BNI Global	https://bni-chennaicbda.in/chennai-cbd-(a)-global/en-IN/memberlist#:~:text=Table_title:%20Member%20List%20Table_content:%20header:%20%7C%20Member,Creations%20%7C%20Profession/Specialty:%20Retail%20%3E%20Uniforms%20%7C
BNI Lions	https://bni-chennaicbda.in/chennai-cbd-(a)-lions/en-IN/memberlist#:~:text=Table_title:%20Member%20List%20Table_content:%20header:%20%7C%20Member,Legal%20&%20Accounting%20%3E%20Tax%20Advisor%20%7C
BNI Royals	https://bni-chennaicbda.in/chennai-cbd-(a)-royals/en-IN/memberlist#:~:text=Table_title:%20Member%20List%20Table_content:%20header:%20%7C%20Member,Event%20&%20Business%20Service%20%3E%20Events%20%7C
BNI Azpire	https://bni-chennaicbda.in/chennai-cbd-(a)-azpire/en-IN/memberlist?chapterName=12722&regionIds=12707$isChapterwebsite
BNI Dollars	https://bni-chennaicbda.in/chennai-cbd-(a)-dollars/en-IN/memberlist?chapterName=14021&regionIds=12707$isChapterwebsite
BNI Knights	https://bni-chennaicbdb.in/chennai-cbd-(b)-knights/en-IN/memberlist#:~:text=BNI:%20Largest%20Referral%20Organization.%20BNI%20Website%20Chapter%20Members%20page%20for%20Knights%20in%20English%20(IN)
BNI Ascend	https://bni-chennainorth.in/chennai-north-bni-ascend/en-IN/memberlist#:~:text=Table_title:%20Member%20List%20Table_content:%20header:%20%7C%20Member,Finance%20&%20Insurance%20%3E%20Commercial%20Loans%20%7C
BNI Tiara	https://bni-chennainorth.in/chennai-north-bni-tiara/en-IN/memberlist#:~:text=Table_title:%20Member%20List%20Table_content:%20header:%20%7C%20Member,Business%20Consultant%20%2D%20Organization%20&%20Process%20%7C
BNI Pronto	https://bni-chennainorth.in/chennai-north-bni-pronto/en-IN/memberlist#:~:text=Table_title:%20Member%20List%20Table_content:%20header:%20%7C%20Member,Advertising%20&%20Marketing%20%3E%20Sign%20Company%20%7C
BNI Bravo	https://bni-chennainorth.in/chennai-north-bravo/en-IN/memberlist?chapterName=31850&regionIds=20287$isChapterwebsite
BNI Flyers	https://share.google/gLJ3ukafgYw5eRd6W
BNI Amigos	https://share.google/ZKhZ3uNQA3kq7Gclp
BNI Brilliance	https://bni-chennaisouth.in/en-IN/chapterdetail?chapterId=TjL4JeuSRTtYFcvz0eH4Og%3D%3D&name=Brilliance
BNI Jubilant	https://bni-chennaicbda.in/en-IN/chapterdetail?chapterId=rUBI9jawpakfUqco%2F2vVPA%3D%3D&name=Jubilant
BNI Queens	https://bni-chennaicbda.in/en-IN/chapterdetail?chapterId=Cx%2BR1pheQgDSu2d0E%2F7Yzw%3D%3D&name=Queens
BNI Tycoons	https://bni-chennaicbda.in/en-IN/chapterdetail?chapterId=4jBZN5wpncMZyGfZm3p%2BCA%3D%3D&name=Tycoons
BNI Zeal	https://bni-chennaicbda.in/en-IN/coregroupdetail?chapterId=1Wd25xrFJOMBclcv82MLiw%3D%3D&name=Zeal
BNI Furious	https://bni-chennaicbda.in/en-IN/chapterdetail?chapterId=VUbQh%2FVVFHC%2FTzikjd%2FQpg%3D%3D&name=Furious
BNI Wealthy	https://bni-chennaicbda.in/en-IN/chapterdetail?chapterId=MQ%2BCaFHZIXk1x4WX%2FLKcCg%3D%3D&name=Wealthy
BNI Superstars	https://bni-chennaicbda.in/en-IN/chapterdetail?chapterId=bSSX8y1yM%2FvXBnmiYHXAJg%3D%3D&name=Superstars
BNI Benchmark	https://bni-chennaicbda.in/en-IN/chapterdetail?chapterId=URpQTstbkcAMeHNX%2BcqArA%3D%3D&name=BenchMark
 	 
BNI Madurai	Link
BNI Chanakyas	Chapter Members | English (IN)
BNI Maduras	https://bnimadurai.in/madurai-bni-maduras/en-IN/index
BNI Kadambas	Home | English (IN) | BNI Kadambas
BNI Pandyas	https://bnimadurai.in/madurai-bni-pandyas/en-IN/memberlist
BNI Brahmas	https://bnimadurai.in/madurai-bni-brahmas/en-IN/memberlist
BNI garudas	https://bnimadurai.in/madurai-bni-garudas/en-IN/memberlist
BNI Ravanas	https://www.scribd.com/document/876353895/Bni-Ravanas-Coordinators-List
BNI Samudhras	https://bnimadurai.in/en-IN/chapterdetail?chapterId=lsjIgGNDynu%2Fpmvgyzplwg%3D%3D&name=BNI%20Samudhras
BNI Nakshatras	https://bnimadurai.in/en-IN/chapterdetail?chapterId=m2O3uxs9MFXa4%2BD6RoU7Lw%3D%3D&name=BNI%20Nakshatras
BNI Latchiyaas	https://bnimadurai.in/en-IN/chapterdetail?chapterId=OByCzQZE6fCj0R2mQGz%2FdA%3D%3D&name=BNI%20Latchiyaas
BNI Himalayas	https://bnimadurai.in/en-IN/chapterdetail?chapterId=C3xzipTyUkiTPonslzsw8Q%3D%3D&name=BNI%20Himalayas
BNI Enthiras	https://bnimadurai.in/en-IN/chapterdetail?chapterId=bH4kaHCVDFrzx9kfGEAesg%3D%3D&name=BNI%20Enthiras
BNI Dheeras	https://bnimadurai.in/en-IN/chapterdetail?chapterId=zof79ZJE%2B2V4yjo8HwG87w%3D%3D&name=BNI%20Dheeras
 	 
BNI Cochin	Link
BNI Synergy	https://bni-cochin.in/en-IN/chapterdetail?chapterId=yLTBWc1ruuNMvs%2BuNRq1OA%3D%3D&name=SYNERGY
BNI Excellence	https://bni-cochin.in/en-IN/chapterdetail?chapterId=gnZ0GQvipLlV1zq9jozetg%3D%3D&name=EXCELLENCE
BNI Magnates	https://bni-cochin.in/en-IN/chapterdetail?chapterId=1D3%2BDXpp%2B227rrPi0atL8g%3D%3D&name=MAGNATES
BNI Diamonds	https://bni-cochin.in/en-IN/chapterdetail?chapterId=VRqccFQRSTwqHUAm9WDjbQ%3D%3D&name=DIAMONDS
BNI Soverigns	https://bni-cochin.in/en-IN/chapterdetail?chapterId=go7CGd5fn4elbM%2BEBzQiUQ%3D%3D&name=SOVEREIGNS
BNI Titans	https://bni-cochin.in/en-IN/chapterdetail?chapterId=5wk1v1DCDT69DIkW6vrm%2Bw%3D%3D&name=TITANS
BNI Admirals	https://bni-cochin.in/en-IN/chapterdetail?chapterId=84U4VOXCfdira6sAPTqf6Q%3D%3D&name=ADMIRALS
BNI Knights	https://bni-cochin.in/en-IN/chapterdetail?chapterId=cURvbVuiE%2BE%2FIKFLo1WDoA%3D%3D&name=KNIGHTS
BNI Polaris	https://bni-cochin.in/en-IN/chapterdetail?chapterId=TvqF7s8%2FJSOTKOlX3NZ9TQ%3D%3D&name=POLARIS
BNI Eternals	https://bni-cochin.in/en-IN/chapterdetail?chapterId=kf7B%2FhluoROQMbyMdQEtQg%3D%3D&name=ETERNALS
BNI Hallmark	https://bni-cochin.in/en-IN/chapterdetail?chapterId=q7O5QSj5jyoMTWCkjUXRTg%3D%3D&name=HALLMARK
BNI Warriors	https://bni-cochin.in/en-IN/chapterdetail?chapterId=aDieC4kwmECeBuzBqHfQ4A%3D%3D&name=WARRIORS
BNI Manifest	https://bni-cochin.in/en-IN/chapterdetail?chapterId=1alp3Tzyeyige2JZNha3xQ%3D%3D&name=MANIFEST
BNI Leaders	https://bni-cochin.in/en-IN/chapterdetail?chapterId=vsDnkp6Z%2BSEq8q0gM%2FCOaA%3D%3D&name=Leaders
BNI Victors	https://bni-cochin.in/en-IN/chapterdetail?chapterId=3D382SFVBE2GdG49h2rHXg%3D%3D&name=VICTORS
BNI Emeralds	https://bni-cochin.in/en-IN/chapterdetail?chapterId=Kfkc1iViFRjXBlkaszJRdA%3D%3D&name=EMERALDS
BNI Infinity	https://bni-cochin.in/en-IN/chapterdetail?chapterId=ar4iMJkacMbfuja%2BugnVMg%3D%3D&name=INFINITY
BNI Falcons	https://bni-cochin.in/en-IN/chapterdetail?chapterId=HwuQ1AgsVI%2Fnfbg4KQ24%2FQ%3D%3D&name=FALCONS
BNI Stars	https://bni-cochin.in/en-IN/chapterdetail?chapterId=l83viIEtaaJeDmEcb%2BVN6Q%3D%3D&name=STARS
BNI Alchemists	https://bni-cochin.in/en-IN/chapterdetail?chapterId=%2B3IH4WwCC3T7bPYTGYxvsg%3D%3D&name=ALCHEMISTS
BNI Spectaculars	https://bni-cochin.in/en-IN/chapterdetail?chapterId=hITs0w%2BVrUknujytGjcNxg%3D%3D&name=SPECTACULARS
BNI Sapphire	https://bni-cochin.in/en-IN/chapterdetail?chapterId=v4OenFJugVo0YicqiHA4qA%3D%3D&name=SAPPHIRE
BNI Gems	https://bni-cochin.in/en-IN/chapterdetail?chapterId=3Ei6pxHfuDFG%2BQWs73SAKw%3D%3D&name=GEMS
BNI Jewels	https://bni-cochin.in/en-IN/chapterdetail?chapterId=Mf3aF7175A%2BHuK0JAP8H%2FQ%3D%3D&name=JEWELS
BNI Winners	https://bni-cochin.in/en-IN/chapterdetail?chapterId=rbSxDqYSZzSUB7RpBD1rcA%3D%3D&name=Winners
BNI Champions	https://bni-cochin.in/en-IN/chapterdetail?chapterId=vIz36qyxS3wBKycpBfSSdw%3D%3D&name=Champions
BNI Legends	https://bni-cochin.in/en-IN/chapterdetail?chapterId=2tCGnpQXR3nvKkNHvEtAow%3D%3D&name=LEGENDS
BNI Achievers	https://bni-cochin.in/en-IN/chapterdetail?chapterId=4jR128b%2BDly7qdqc2gITTw%3D%3D&name=Achievers
BNI Pioneers	https://bni-cochin.in/en-IN/chapterdetail?chapterId=uZkmDzo7hiecLPjhXGq2lw%3D%3D&name=PIONEERS
BNI Royals	https://bni-cochin.in/en-IN/chapterdetail?chapterId=nDrf6tUnINQczBzAUOxOlw%3D%3D&name=ROYALS
 	 
BNI Cochin Suburban	 
BNI Masters	https://bni-cochinsuburban.in/en-IN/chapterdetail?chapterId=LSekx%2Fd1BPO5fAUIUXS8Xg%3D%3D&name=MASTERS
BNI Brilliants	https://bni-cochinsuburban.in/en-IN/chapterdetail?chapterId=fmla%2Fk%2FcvR2%2BY%2FSGPkA6og%3D%3D&name=BNI%20Brilliants
BNI Alpha	https://bni-cochinsuburban.in/en-IN/chapterdetail?chapterId=17WDZGEGSCIchUDRIXLgjw%3D%3D&name=BNI%20Alpha
BNI Luminaries	https://bni-cochinsuburban.in/en-IN/chapterdetail?chapterId=lu13R0dSKUG0GXy1GEmF7A%3D%3D&name=LUMINARIES
 	 
BNI Cuddalore District	 
BNI Billionaires	https://bni-dindigulcity.in/en-IN/chapterdetail?chapterId=nGDbXCTFFEGeDsEBEDZZxQ%3D%3D&name=BNI%20Billionaires
BNI Aura	https://bni-dindigulcity.in/en-IN/chapterdetail?chapterId=Hyq4UlFfHWwosgkx4A52Pg%3D%3D&name=BNI%20Aura
 	 
BNI Dindigul District	 
BNI Champions	https://bni-dindigulcity.in/en-IN/chapterdetail?chapterId=AjoOJla22vycPALf8zO3BA%3D%3D&name=BNI%20CHAMPIONS
BNI Dons	https://bni-dindigulcity.in/en-IN/chapterdetail?chapterId=rhecavDfTtDt7hoh%2FVFJfQ%3D%3D&name=BNI%20DONS
BNI Billionaires	https://bni-dindigulcity.in/dindigul-city-bni-billionaires/en-IN/memberlist?chapterName=36762&regionIds=35606$isChapterwebsite
BNI Aura	https://bni-dindigulcity.in/en-IN/chapterdetail?chapterId=Hyq4UlFfHWwosgkx4A52Pg%3D%3D&name=BNI%20Aura
 	 
BNI Erode	 
 	 
BNI Tycoon	https://bni-erode.in/en-IN/chapterdetail?chapterId=TRPV7WcxafbncL0yb%2FF1mQ%3D%3D&name=BNI%20Tycoon
BNI Q-Hills	https://bni-erode.in/en-IN/chapterdetail?chapterId=v3TWbA9ywIUfRDLJVVsLaQ%3D%3D&name=BNI%20Q-Hills
BNI Pride	https://bni-erode.in/en-IN/chapterdetail?chapterId=0HJEFQWNx%2BWQAPiIQEbuzg%3D%3D&name=BNI%20Pride
BNI Azpire	https://bni-erode.in/en-IN/chapterdetail?chapterId=V5rtamCXoDfDm3IWBfVT1g%3D%3D&name=BNI%20Azpire
BNI Dynamic	https://bni-erode.in/en-IN/chapterdetail?chapterId=eXxBm73ppOtbLbqC7emqdQ%3D%3D&name=BNI%20Dynamic
BNI Universal	https://bni-erode.in/en-IN/chapterdetail?chapterId=N%2BC76v2bThIwuA3pNpfqaA%3D%3D&name=BNI%20Universal
BNI Stalwarts	https://bni-erode.in/en-IN/chapterdetail?chapterId=i1TdkpysMp3fAU0QBS%2FRpw%3D%3D&name=BNI%20Stalwarts
BNI Xtreme	https://bni-erode.in/en-IN/chapterdetail?chapterId=2aIQhGU5uaK7cCldk55T5Q%3D%3D&name=BNI%20XTREME
BNI Inspire	https://bni-erode.in/en-IN/chapterdetail?chapterId=OqqsHkLrOsWf3SziTKO5qA%3D%3D&name=BNI%20Inspire
BNI Landmark	https://bni-erode.in/en-IN/chapterdetail?chapterId=KbuWdOMf2RTdI1IZsbnB6A%3D%3D&name=BNI%20LANDMARK
BNI Jaguar	https://bni-erode.in/en-IN/chapterdetail?chapterId=XSZ6Rq3Pj%2Bh9Qv1QgJG6eg%3D%3D&name=BNI%20Jaguar
BNI Vision	https://bni-erode.in/en-IN/chapterdetail?chapterId=4HNFwisNFMXUZCat5Sh0Ww%3D%3D&name=BNI%20VISION
BNI Kottons	https://bni-erode.in/en-IN/chapterdetail?chapterId=%2BskLIxQjz3YYwaMSNVX0EA%3D%3D&name=BNI%20Kottons
BNI Excellence	https://bni-erode.in/en-IN/chapterdetail?chapterId=jET%2F5WB%2B3WrDAYMtBPM9Kw%3D%3D&name=BNI%20EXCELLENCE
BNI Millionaire	https://bni-erode.in/en-IN/chapterdetail?chapterId=f7B6ssxxjFZZU%2BxA2owlVA%3D%3D&name=BNI%20Millionaire
BNI Industrial	https://bni-erode.in/en-IN/chapterdetail?chapterId=0zSqiV1eUrDLAN3menIgdg%3D%3D&name=BNI%20iNdustrial
BNI Beacon	https://bni-erode.in/en-IN/chapterdetail?chapterId=YT3KP2%2FghXtWuKx8rnjQpA%3D%3D&name=BNI%20Beacon
BNI Champions	https://bni-erode.in/en-IN/chapterdetail?chapterId=4v6HQNC5F0OaPNkGgCB6pg%3D%3D&name=BNI%20Champions
BNI Fortune	https://bni-erode.in/en-IN/chapterdetail?chapterId=7FC2TO2%2FKIhVqXjiHLLQaQ%3D%3D&name=BNI%20Fortune
BNI Royal Queen	https://bni-erode.in/en-IN/chapterdetail?chapterId=JBvR0gl1RkA2MavqfnI2XQ%3D%3D&name=BNI%20Royal%20Queens
 	 
BNI Dharmapuri District	 
BNI Iravatham	https://bni-dharmapuridistrict.in/dharmapuri-district-bni-iravatham/en-IN/memberlist#:~:text=Chapter%20Members%20%7C%20English%20(IN),Madesh%20Palani
BNI Aetram	https://bni-dharmapuridistrict.in/dharmapuri-district-bni-aetram/en-IN/memberlist?chapterName=38360&regionIds=38204$isChapterwebsite
 	 
BNI Greater Salem	 
BNI Imayam	https://bni-greatersalem.in/greater-salem-bni-imayam/en-IN/memberlist?chapterName=33215&regionIds=31787$isChapterwebsite
BNI Best	https://bni-salem.in/salem-best/en-IE/memberlist?chapterName=15201&regionIds=14767$isChapterwebsite
BNI Dignity	https://bni-salem.in/salem-bni-dignity/en-IN/memberlist#:~:text=Finance%20&%20Insurance%20%3E%20Commercial%20Loans,Tue%2C%2011%20November%202025
 	 
BNI Greater Trichy	 
BNI Emperor	https://bni-trichy.in/en-IN/chapterdetail?chapterId=jujjIm7YeAa9TUWFHo9oIg%3D%3D#:~:text=Anees%20S.&text=Ashok%20Kumar%20G.&text=Bala%20M.&text=Chidhambarem%20KA.,MU.&text=Farzana%20N.&text=Krishna%20Moorthy%20.&text=Lakshmi%20Sakthi%20Aruna%20.&text=Liron%20Jarvis%20.,-JE%20Sports&text=Manikandan%20C.,-Shree%20Murugan%20Stores&text=Mohamed%20Rafiq%20.,-Roshan%20Arabian%20restaurant&text=Muthiah%20A.&text=Noor%20M.&text=Paranthaman%20M.&text=Ramakrishnan%20R.&text=Ramanathan%20M.&text=Sathappa%20Subramanian%20S.&text=Senthil%20Kumar%20D.&text=Senthilkumar%20Kalimuthu%20.,-Trichy%20Vision&text=Senthilkumar%20Natarajan%20.&text=Sirajudeen%20B.&text=Sivakumar%20K.&text=Subramanian%20T.&text=Suresh%20Babu%20M.&text=Surya%20Prakash%20.&text=Syed%20Saqeeb%20Nawaz%20M.&text=Vasudevan%20S.,-Kenon%20Lifts&text=Yogadasan%20S.
BNI Gladiator	https://bni-trichy.in/en-IN/chapterdetail?chapterId=Drayh8F47ys%2BzrtRETSjfg%3D%3D#:~:text=Chapter%20Detail%20%7C%20English%20(IN)
BNI Royals	https://bni-greatertrichy.in/en-IN/chapterdetail?chapterId=QhFtf%2Fc0frL3o47TW06obg%3D%3D#:~:text=BNI%20ROYALS%20Meeting%20Details%20Wednesday%207:30%20AM,TS%20No.%205390%2C91%2C92%2C93%20Marthandapuram%2C%202nd%20street%2C%20Opp.
BNI Champions	https://bni-trichy.in/trichy-bni-champions/en-IN/memberlist?chapterName=24384&regionIds=23152$isChapterwebsite
BNI Azpire	https://bni-trichy.in/trichy-bni-azpire/en-IN/memberlist?chapterName=23250&regionIds=23152$isChapterwebsite
BNI Jaaguar	https://bni-trichy.in/en-IN/chapterdetail?chapterId=JindWvyzCwLd3qd9ggiDSw%3D%3D
 	 
BNI Greater Trivandrum	 
BNI Mustangs	https://bni-trivandrum.in/en-IN/chapterdetail?chapterId=rTFlN%2F4rM0rpQ6jGgLFxaw%3D%3D&name=BNI+BNI+Mustangs#:~:text=Table_title:%20Chapter%20Director%20Consultant%20Table_content:%20row:%20%7C,Premier%20Office%20Equipment%20Co%20%7C%20+914713505555%20%7C
BNI Maximus	https://bni-trivandrum.in/en-IN/chapterdetail?chapterId=tksZ4TbXlNytFYFJ3FvTLw%3D%3D#:~:text=Table_title:%20Chapter%20Director%20Consultant%20Table_content:%20row:%20%7C,Computer%20&%20Programming%20%3E%20IT%20Consultants%20%7C
BNI Maestros	https://bni-trivandrum.in/trivandrum-bni-maestros/en-IN/memberlist#:~:text=Chapter%20Members%20%7C%20English%20(IN),Nishanth%20R
BNI Magnum	https://bni-trivandrum.in/trivandrum-bni-magnum/en-IN/memberlist#:~:text=Chapter%20Members%20%7C%20English%20(IN),Jyothi%20Jayaprakash
BNI Mavericks	https://bni-trivandrum.in/trivandrum-bni-mavericks/en-IN/memberlist#:~:text=Table_title:%20Member%20List%20Table_content:%20header:%20%7C%20Member,Finance%20&%20Insurance%20%3E%20Financial%20Investments%20%7C
BNI Majestic	https://bni-trivandrum.in/trivandrum-bni-majestic/en-IN/memberlist#:~:text=Table_title:%20Member%20List%20Table_content:%20header:%20%7C%20Member,Training%20&%20Coaching%20%3E%20Educational%20Facility%20%7C
BNI Magnates	https://bni-trivandrum.in/trivandrum-bni-magnates/en-IN/memberlist#:~:text=Table_title:%20Member%20List%20Table_content:%20header:%20%7C%20Member,%7C%20Profession/Specialty:%20Retail%20%3E%20Hygiene/Janitorial%20Supplies%20%7C
BNI Miracles	https://bni-greatertrivandrum.in/greater-trivandrum-bni-miracles/en-IN/memberlist?chapterName=39259&regionIds=38371$isChapterwebsite
BNI Magicians	https://bni-trivandrum.in/en-IN/chapterdetail?chapterId=nTgYNXl4rhIXMTt9Y%2FGXVQ%3D%3D&name=BNI%20Magicians
BNI Marvels	https://bni-trivandrum.in/en-IN/chapterdetail?chapterId=a5g6uvLzVkdVyIfIzvmhAw%3D%3D&name=BNI%20Marvels
 	 
BNI Kancheepuram, Chengalpattu	 
BNI Glorious	https://bni-kancheepuram.in/en-IN/chapterdetail?chapterId=0QZji59JmyxSTBDu0d7pCA%3D%3D&name=BNI%20Glorious
BNI Ivan	https://bni-kancheepuram.in/en-IN/chapterdetail?chapterId=rNnmyOc6TKDU4gZz0jrXDQ%3D%3D&name=BNI%20Ivan
BNI Harmony	https://bni-kancheepuram.in/en-IN/chapterdetail?chapterId=9DLGsA0k0t8OheA3tUfwrQ%3D%3D&name=BNI%20Harmony
BNI Joy	https://bni-kancheepuram.in/en-IN/chapterdetail?chapterId=hTXch04EDgKYrK%2Bq3kWMdg%3D%3D&name=BNI%20Joy
 	 
BNI Karur	 
BNI Falcon	https://bni-karur.in/en-IN/chapterdetail?chapterId=izuZTtO01lGpy%2FrqIfmNTA%3D%3D&name=BNI%20Falcon
BNI Alpha	https://bni-karur.in/en-IN/chapterdetail?chapterId=9rnhyASWo%2FgXRqQxEDt7Sg%3D%3D&name=BNI%20Alpha
BNI Tycoonz	https://bni-karur.in/en-IN/chapterdetail?chapterId=afbHWZZj9IWYCC%2FXqxkdCA%3D%3D&name=BNI%20Tycoonz
BNI Phoenix	https://bni-karur.in/en-IN/chapterdetail?chapterId=tl5giVA7fZUqqG%2B6yLnxqw%3D%3D&name=BNI%20Phoenix
 	 
BNI Hyderabad	 
BNI Synergyz	https://bni-hyderabadwest.in/en-IN/chapterdetail?chapterId=8uTWtr28cJvC3PF1y76iKg%3D%3D&name=Synergyz
BNI Emperors	https://share.google/93fJR9H3ZcR7euBpH
BNI Mustangs	https://share.google/w5965i0609BjdJFPR
BNI Badshah	https://share.google/Plre4iGY1Mt7g33HI
BNI Indigo	https://share.google/lGPwzR6Mce9Zlkn91
BNI Artha	https://share.google/lc6c5AX4touq0Zppt
BNI Capital	https://share.google/lCPnA8epHDLAHGpLN
BNI Diamond	https://bni-hyderabadwest.in/en-IN/chapterdetail?chapterId=ZZVabOGnG1SWzaxpdQOxsg%3D%3D&name=Diamond
BNI Elite	https://bni-hyderabadwest.in/en-IN/chapterdetail?chapterId=dxd0ozVUFLiY5wwSz4yIfw%3D%3D&name=Elite
BNI Fusion	https://bni-hyderabadwest.in/en-IN/chapterdetail?chapterId=wQYXT3IyqcUDlyriiCGEJQ%3D%3D&name=Fusion
BNI Grand	https://bni-hyderabadwest.in/en-IN/chapterdetail?chapterId=ApnNflNp%2Fl%2FcVRj5qPriJg%3D%3D&name=Grand
BNI Hitech	https://bni-hyderabadwest.in/en-IN/chapterdetail?chapterId=mzgZ5VdCzUOX2jdCP%2BanLA%3D%3D&name=Hitech
BNI Icon	https://bni-hyderabadwest.in/en-IN/chapterdetail?chapterId=%2BNABToBkvyUkcoqNED8Uhg%3D%3D&name=Icon
BNI Kohinoor	https://bni-hyderabadwest.in/en-IN/chapterdetail?chapterId=iVU8mz9yTQw3IY1nuaBEgw%3D%3D&name=Kohinoor
BNI Jewels	https://bni-hyderabadwest.in/en-IN/chapterdetail?chapterId=wiEegBulossEjAqlm0YrRg%3D%3D&name=Jewels
BNI Mantra	https://bni-hyderabadwest.in/en-IN/chapterdetail?chapterId=QUrXYUHoQZ1ngEMQv0GMhA%3D%3D&name=Mantra
BNI Legend	https://bni-hyderabadwest.in/en-IN/chapterdetail?chapterId=wjPFOr7FVWMihhp5nUUmvw%3D%3D&name=Legend
BNI Nizam	https://bni-hyderabadwest.in/en-IN/chapterdetail?chapterId=bsWmgVCX0Mu1EIlVYjWb2Q%3D%3D&name=Nizam
BNI Oscar	https://bni-hyderabadwest.in/en-IN/chapterdetail?chapterId=k6KW%2BFc7r0qjqRFKpaJ70g%3D%3D&name=Oscar
BNI Pearl	https://bni-hyderabadwest.in/en-IN/chapterdetail?chapterId=WUtDi%2FdCquSt51mi5ThR4Q%3D%3D&name=Pearl
BNI Zenith	https://bni-hyderabadwest.in/en-IN/chapterdetail?chapterId=L9we6RCTV5%2FLAKUsOz6T%2FA%3D%3D&name=Zenith
BNI Sapphire	https://bni-hyderabadwest.in/en-IN/chapterdetail?chapterId=VaJLoPb0XYcbyta515d8ig%3D%3D&name=Sapphire
BNI Victory	https://bni-hyderabadwest.in/en-IN/chapterdetail?chapterId=QJjHjcqXM%2B9ENF72D2rQbw%3D%3D&name=Victory
BNI Universe	https://bni-hyderabadwest.in/en-IN/chapterdetail?chapterId=31Pe5WCaviLtPnMhsMMAoQ%3D%3D&name=Universe
BNI Wisdom	https://bni-hyderabadwest.in/en-IN/chapterdetail?chapterId=hWtgmP6BSlXhx7%2FsYH%2FebA%3D%3D&name=Wisdom
BNI Topaz	https://bni-hyderabadwest.in/en-IN/chapterdetail?chapterId=rjBaSdpkUeVgcEenP8W9nw%3D%3D&name=Topaz
BNI Aastha	https://bni-hyderabadwest.in/en-IN/chapterdetail?chapterId=R8NtNFIn2t%2FuQ862UAXnVg%3D%3D&name=Aastha
BNI Chargers	https://bni-hyderabadwest.in/en-IN/chapterdetail?chapterId=OyVWl%2BHN3UrkLv1XffGZkA%3D%3D&name=Chargers
BNI Dynasty	https://bni-hyderabadwest.in/en-IN/chapterdetail?chapterId=LkDMANBim5fOHebKqnUbFw%3D%3D&name=Dynasty
BNI Unicorns	https://bni-hyderabadwest.in/en-IN/chapterdetail?chapterId=OHh8iB06ndf7jfI9eFBAbg%3D%3D&name=Unicorns
BNI Jaaguars	https://bni-hyderabadwest.in/en-IN/chapterdetail?chapterId=GMmiaVwJr1xZqkoH3wh%2FsQ%3D%3D&name=Jaaguars
BNI Garuda	https://bni-hyderabadwest.in/en-IN/chapterdetail?chapterId=IM6RYbYIH2DlZUOrGt6aLA%3D%3D&name=Garuda
BNI Neev	https://bni-hyderabadwest.in/en-IN/chapterdetail?chapterId=oyDFJ55sc7hmRfTKaJt2ew%3D%3D&name=Neev
BNI Amrutha	https://bni-hyderabadwest.in/en-IN/chapterdetail?chapterId=9Bwd72nvUNAP3DQVb69ANA%3D%3D&name=Amrutha
BNI Artha	https://bni-hyderabadwest.in/en-IN/chapterdetail?chapterId=igii9RDUfiYExhvmKgu8rw%3D%3D&name=Artha
 	 
BNI East Godavari	 
 	 
BNI Amigos	https://bni-eastgodavari.in/east-godavari-bni-amigos/en-IN/memberlist?chapterName=25398&regionIds=25122$isChapterwebsite
BNI Challengers	https://bni-eastgodavari.in/east-godavari-bni-challengers/en-IN/memberlist?chapterName=27725&regionIds=25122$isChapterwebsite
BNI Dazzlers	https://bni-eastgodavari.in/east-godavari-bni-dazzlers/en-IN/memberlist?chapterName=28388&regionIds=25122$isChapterwebsite
BNI Falcons	https://bni-eastgodavari.in/east-godavari-falcons/en-IN/memberlist?chapterName=33425&regionIds=25122$isChapterwebsite
 	 
BNI Agra	 
Chapters are there but members are not listed out.	 
 	 
BNI AHMEDABAD	 
 	 
BNI Aegeus	https://bni-ahmedabad.in/en-IN/chapterdetail?chapterId=wI70nJwQg8DjBtdNi2Lgmg%3D%3D&name=BNI%20Aegeus
BNI Calibos	https://bni-ahmedabad.in/en-IN/chapterdetail?chapterId=40kSkgToZilCC0eWuSCrZw%3D%3D&name=BNI%20Calibos
BNI Vitus	https://bni-ahmedabad.in/en-IN/chapterdetail?chapterId=mt15B3CFVBK78iecY2dGdA%3D%3D&name=BNI%20Vitus
BNI Aegeus	https://bni-ahmedabad.in/en-IN/chapterdetail?chapterId=wI70nJwQg8DjBtdNi2Lgmg%3D%3D&name=BNI%20Aegeus
BNI Petronius	https://bni-ahmedabad.in/en-IN/chapterdetail?chapterId=PKDQK%2BS6B8zdIxuxl0zUlA%3D%3D&name=Petronius
BNI Crypto	https://bni-ahmedabad.in/en-IN/chapterdetail?chapterId=fWhMzX6i%2BEQmKt4Pk5uY0A%3D%3D&name=BNI%20Crypto
BNI Obsidian	https://bni-ahmedabad.in/en-IN/chapterdetail?chapterId=RoA1S9YWiv8ZhM6mq8X0Yg%3D%3D&name=Obsidian
BNI Oliver	https://bni-ahmedabad.in/en-IN/chapterdetail?chapterId=Dh7dIRKF6zSz%2BCNRjQxmLg%3D%3D&name=BNI%20Oliver
BNI Crios	https://bni-ahmedabad.in/en-IN/chapterdetail?chapterId=n3AWrx1a7dcgazlJdFVyjA%3D%3D&name=Crios
BNI Ares	https://bni-ahmedabad.in/en-IN/chapterdetail?chapterId=%2FKPyYcF1xtuordfDpjwuBQ%3D%3D&name=Ares
BNI Darius	https://bni-ahmedabad.in/en-IN/chapterdetail?chapterId=ncXdIRcFelotR77Ez5b9xQ%3D%3D&name=Darius
BNI Anatolius	https://bni-ahmedabad.in/en-IN/chapterdetail?chapterId=%2FJMaCR%2BB6xy2P53Zuf83yw%3D%3D&name=BNI%20Anatolius
BNI Prometheus	https://bni-ahmedabad.in/en-IN/chapterdetail?chapterId=zAzN2bGuG5XoEE8fM2mZxg%3D%3D&name=Prometheus
BNI Helenus	https://bni-ahmedabad.in/en-IN/chapterdetail?chapterId=Lrf7qtGSBiOtQR4a%2FcRhqA%3D%3D&name=Helenus
BNI Artemisia	https://bni-ahmedabad.in/en-IN/chapterdetail?chapterId=hdfmloXApIgbBGC3hbF7qw%3D%3D&name=Artemisia
BNI Dominus	https://bni-ahmedabad.in/en-IN/chapterdetail?chapterId=FvCYnS497RMY0%2FDjPuteDg%3D%3D&name=Dominus
BNI Magnus	https://bni-ahmedabad.in/en-IN/chapterdetail?chapterId=4WsCDQtXjpWfW6xxlx%2BHYw%3D%3D&name=Magnus
BNI Aurelius	https://bni-ahmedabad.in/en-IN/chapterdetail?chapterId=JanI4u2QTX1ZQvxLr6N8UQ%3D%3D&name=Aurelius
BNI Crixus	https://bni-ahmedabad.in/en-IN/chapterdetail?chapterId=ek%2B5vzWj4EeH1549wc5bWQ%3D%3D&name=Crixus
BNI Petra	https://bni-ahmedabad.in/en-IN/chapterdetail?chapterId=IfGrrOPTIQd4ccpEPOhj%2Bg%3D%3D&name=Petra
BNI Andromeda	https://bni-ahmedabad.in/en-IN/chapterdetail?chapterId=vKPnJ%2BIeCWdfWG80JwuIvA%3D%3D&name=Andromeda
BNI Acreseus	https://bni-ahmedabad.in/en-IN/chapterdetail?chapterId=yq6NP61ikSoSSA1eOzPUqA%3D%3D&name=Acreseus
BNI Aurelius	https://bni-ahmedabad.in/en-IN/chapterdetail?chapterId=JanI4u2QTX1ZQvxLr6N8UQ%3D%3D&name=Aurelius
BNI Atilius	https://bni-ahmedabad.in/en-IN/chapterdetail?chapterId=PQn44rouItHkuQye%2BfdzGA%3D%3D&name=Atilius
BNI Anthropos	https://bni-ahmedabad.in/en-IN/chapterdetail?chapterId=8%2FgKJ9upcsIexHA0tuLygw%3D%3D&name=Anthropos
BNI Colossus	https://bni-ahmedabad.in/en-IN/chapterdetail?chapterId=glnZz1nTnoersPBS8lGEYQ%3D%3D&name=Colossus
BNI Maximus	https://bni-ahmedabad.in/en-IN/chapterdetail?chapterId=8UPpnw%2FDRgdiZmJ4s0MmOA%3D%3D&name=Maximus
BNI Kronos	https://bni-ahmedabad.in/en-IN/chapterdetail?chapterId=iTgU3WcZJI1UYBMTSn4DMg%3D%3D&name=Kronos


